{
  "accuracy": 0.9166666666666666,
  "precision": 0.9218181818181818,
  "recall": 0.9166666666666666,
  "f1_score": 0.9153271848924024,
  "total_samples": 300,
  "test_samples": 60,
  "class_metrics": {
    "Positif": {
      "precision": 1.0,
      "recall": 1.0,
      "f1_score": 1.0,
      "support": 12
    },
    "Neutre": {
      "precision": 1.0,
      "recall": 1.0,
      "f1_score": 1.0,
      "support": 12
    },
    "Stressé": {
      "precision": 0.9090909090909091,
      "recall": 0.8333333333333334,
      "f1_score": 0.8695652173913043,
      "support": 12
    },
    "Frustré": {
      "precision": 0.9,
      "recall": 0.75,
      "f1_score": 0.8181818181818182,
      "support": 12
    },
    "Colère": {
      "precision": 0.8,
      "recall": 1.0,
      "f1_score": 0.8888888888888888,
      "support": 12
    }
  }
}