{
  "accuracy": 0.8166666666666667,
  "precision": 0.8075524475524476,
  "recall": 0.8166666666666667,
  "f1_score": 0.809802371541502,
  "total_samples": 300,
  "test_samples": 60,
  "class_metrics": {
    "Positif": {
      "precision": 0.9230769230769231,
      "recall": 1.0,
      "f1_score": 0.96,
      "support": 12
    },
    "Neutre": {
      "precision": 0.9230769230769231,
      "recall": 1.0,
      "f1_score": 0.96,
      "support": 12
    },
    "Stressé": {
      "precision": 0.8461538461538461,
      "recall": 0.9166666666666666,
      "f1_score": 0.88,
      "support": 12
    },
    "Frustré": {
      "precision": 0.5454545454545454,
      "recall": 0.5,
      "f1_score": 0.5217391304347826,
      "support": 12
    },
    "Colère": {
      "precision": 0.8,
      "recall": 0.6666666666666666,
      "f1_score": 0.7272727272727273,
      "support": 12
    }
  }
}