{
  "accuracy": 0.9166666666666666,
  "precision": 0.9284848484848484,
  "recall": 0.9166666666666666,
  "f1_score": 0.9186941882594056,
  "total_samples": 300,
  "test_samples": 60,
  "class_metrics": {
    "Positif": {
      "precision": 1.0,
      "recall": 1.0,
      "f1_score": 1.0,
      "support": 12
    },
    "Neutre": {
      "precision": 1.0,
      "recall": 1.0,
      "f1_score": 1.0,
      "support": 12
    },
    "Stressé": {
      "precision": 0.9090909090909091,
      "recall": 0.8333333333333334,
      "f1_score": 0.8695652173913043,
      "support": 12
    },
    "Frustré": {
      "precision": 0.7333333333333333,
      "recall": 0.9166666666666666,
      "f1_score": 0.8148148148148148,
      "support": 12
    },
    "Colère": {
      "precision": 1.0,
      "recall": 0.8333333333333334,
      "f1_score": 0.9090909090909091,
      "support": 12
    }
  }
}